,ROUGE-L,BERTScore
MaxSeqProb,20.46326530612244,1.4521799642912594
MeanEntropy,6.789795918367328,1.3681128591973666
NormEntropy,6.789795918367328,1.3681128591973666
