,ROUGE-L,BERTScore
MaxSeqProb,426.22514559153865,3.0043862067848432
MeanEntropy,-38.57338684410778,1.8576416647950662
NormEntropy,-38.57338684410778,1.8576416647950662
